"Symbol","Symbol_CNVs","SEQUENCE","Chromosome","Cytoband","FoldChange_Median_UL1_to_nonUL1","UL1_Median","nonUL1_Median","UL_GSM2496185","UL_GSM2496186","UL_GSM2496187","UL_GSM2496188","UL_GSM2496189","UL_GSM2496190","UL_GSM2496191","UL_GSM2496192","UL_GSM2496193","UL_GSM2496203","UL_GSM2496204","UL_GSM2496205","UL_GSM2496206","UL_GSM2496207","UL_GSM2496208","UL_GSM2496209","UL_GSM2496217","UL_GSM2496218","UL_GSM2496219","UL_GSM2496220","nonUL_GSM2496194","nonUL_GSM2496195","nonUL_GSM2496196","nonUL_GSM2496197","nonUL_GSM2496198","nonUL_GSM2496199","nonUL_GSM2496200","nonUL_GSM2496201","nonUL_GSM2496202","nonUL_GSM2496210","nonUL_GSM2496211","nonUL_GSM2496212","nonUL_GSM2496213","nonUL_GSM2496214","nonUL_GSM2496215","nonUL_GSM2496216","nonUL_GSM2496221","nonUL_GSM2496222"
"CTNNB1",7,"AGCTGCAGGGGTCCTCTGTGAACTTGCTCAGGACAAGGAAGCTGCAGAAG",NA,"3p22.1b",1.57443144655861,2748.51615,1745.7198,4742.3,3302.9018,3239.9835,2694.4572,4329.4024,2212.7663,2349.6953,3868.5521,4720.0408,56.6,2104.1954,2984.8842,4542.3102,2943.6535,2356.148,2569.9042,1461.1724,2194.4782,2802.5751,1277.317,1819.0576,1590.1865,1589.6078,1780.0956,2641.8803,1371.1857,1711.344,1509.7454,1832.1853,1300.1667,1612.5461,1383.7698,2141.9502,1986.5859,2006.4213,1632.0421,2194.8792,2451.2007
"CTNNB1",7,"CTGCAGGGGTCCTCTGTGAACTTGCTCAGGACAAGGAAGCTGCAGAAGCT","3","3p22.1b",1.46550239399143,2113.8907,1442.43415,4482.6,2738.1917,2868.2212,2320.8855,3582.6563,1879.232,2129.0526,2743.9472,3241.3755,70.68,1776.8023,2413.5624,3268.011,2098.7288,1766.2115,1777.2178,1231.3778,1977.7932,2085.1125,1063.1578,1523.4501,1488.2989,1355.8731,1396.6437,1978.2444,1274.5286,1445.0758,1309.4235,1439.7925,1144.225,1382.7999,1285.0511,1630.3266,1936.1433,1480.8517,1091.4076,1837.8157,1864.2062
"LOC202134",7,"CCTGTTTGGATCACATGGTCTTGTCCTGATAACTTGGAAGAGGTTGCTTC","5","5q35.2d",0.399812274388134,72.51865,181.38175,120.2,95.597,114.1447,61.4714,53.05,102.445,109.9962,58.7,54.65,151.3824,67.7818,52.9,70.4667,186.89,59,60.2286,66.7474,74.5706,172.9389,147.4045,173.7488,107.0138,250.1007,248.4337,91.9065,193.9691,145.8866,122.1739,115.3957,229.9462,189.0147,564.7217,281.0516,350.7591,103.6,108.7818,201.6956,87.3286
"SLCO3A1",6,"CCTGTATGTCAGCATCGCCATCGCGCTCAAATCCTTCGCCTTCATCCTGT",NA,"15q26.1d",1.45335650758136,578.4348,397.99925,909.7,693.579,596.4898,657.6947,774.6664,635.5111,580.4067,462.8962,576.4629,285,849.8864,586.425,214.2731,75.3222,372.6541,453.3,590.5725,528.8004,448.9996,539.1882,572.5591,498.7206,398.995,564.0055,442.3333,380.698,323.2386,316.2327,392.9562,503.8777,419,292.6316,397.0035,260.318,288.9834,522.8038,652.528,278.8829
"SLCO3A1",6,"CCTCCTCTGGGGATGGCTTGCCGACATGCTTTAGAAACTCCCCTCTTGGG",NA,"15q26.1d",1.36435720015578,161.3218,118.24015,188.2,165.9787,133.673,127.4902,189.8039,197.9507,179.2933,152.0385,159.9105,195.6714,218.1418,160.5893,66.1333,69.5778,162.0543,162.1348,165.1192,113.8667,157.4818,138.7429,140.0642,137.773,117.3053,115.9455,115.3744,112.56,113.129,139.1017,139.6097,138.8037,116.9,105.96,119.175,84.9333,135.0706,171.8562,141.1556,67.2
"LOC653673",6,"GGAAAAGGCATGGTGACAATGGGGGCTGTAGCCCTAGGAGAACGGGGGGA","17",NA,1.27560255548426,112.6211,88.28855,63.6,71.3818,59.9,99.5,114.9687,167.1138,107.2792,120.4,95.075,130.6,136.3,110.2735,94.8857,121.5657,126.01,137.8122,121.4737,92.0086,154.2255,98.5815,69.4,66.2286,64.9667,73.1,85.5313,92.0763,102.1674,84.66,89.5727,88.22,92.6342,104.2,87.2,135.4857,96.1591,115.1231,85.8444,88.3571
"PTGER3",6,"CTGACCTATGAGAGTCGTGAAGTGGTTTTTCAGAATGCTATGTAAGGACC","1","1p31.1j",0.704562678201308,68.05385,96.5902,64.8,65.8,86.7174,67.9077,97.4941,67.6,63.68,68.9333,68.2,186.3167,66.7,80.0727,75.6,53.55,62.04,59.7,88.7,84.5654,52.4,96.0302,57.6,110.3241,92.3471,118.6182,129.24,93.0526,96.9767,125.2783,96.2037,142.7436,134.3608,89.7759,65.1333,88.8846,108.6,61.2286,103.7667,60.5
"PTGER3",6,"GGAGGCCGGCAAGTTCAGGATCAGGGTGCCAGCAGATTCGGTGTCTGACT","1","1p31.1j",0.544028472775564,64.00835,117.65625,68.1,78.8,91.4855,67.0769,92.2,63.8222,59.1143,58.9,63.8667,56.6,59.6667,76.2667,66.8,55.3,57.58,62.9,64.15,65.6889,59.925,104.1738,106.4788,199.3988,118.8526,118.3212,143.3701,95.4237,159.7927,80.6571,132.2548,104.4551,160.0852,107.56,94.2176,116.9913,142.4203,125.5864,116.48,61.9
"PTGER3",6,"ATCTCAGTCCAGTGCCCAGTGGGGCCGCATCACGACCGAGACGGCCATTC","1","1p31.1j",0.340810382917631,417.5625,1225.20475,335.4,595.3486,717.4888,338.143,917.1359,385.5423,194.5171,449.5827,564.6775,228.9447,216.61,559.0025,1013.4351,210.968,347.3642,456.9,370.8883,538.6215,235.2,1137.0078,1028.6243,1730.5429,1279.1105,1399.872,1881.1807,1183.7,1780.1391,1060.4832,1074.6092,1177.384,1313.7694,1078.0669,1055.1755,1283.4224,1266.7095,1278.262,1149.9705,382.0313
"PTGER3",6,"GATGTTGTGTCCCTGTGGGCTTAGCATGGAACTAAAAGTTCCTAAGTCTC","1","1p31.1j",0.324185692441387,527.95885,1628.56925,453.7,546.7919,962.7677,432.6414,1291.9642,502.8874,273.6437,738.6597,865.2807,817.731,270.293,851.521,1022.9392,169.73,509.1258,294.5711,378.0367,657.6563,273.9355,1210.7195,1121.2669,1968.3255,1442.8879,1410.6327,2431.7471,1630.9731,2243.3342,1997.4184,1410.9533,1626.1654,1663.8818,1535.573,1660.3459,1634.3924,2000.1902,1353.3916,1475.4698,417.6727
"GABRB3",5,"GTCACCCAACGACCCATGACCGTTCTCTGAGGCAAAGGAGGGCAACCTGA","15","15q12b",1.87910860071243,207.02675,110.17285,180.8,183.5881,224.9248,253.4851,323.0558,211.8854,243.306,249.7934,191.6481,228.9447,150.8776,142.8788,281.6703,162.98,257.6446,65.9,202.1681,85.0385,238.8,122.1447,128.7867,62.6,106.92,109.0286,100.3857,107.6196,119.7677,154.5984,96.8276,150.0556,82.0435,141.0721,113.9687,119.1217,111.3171,129.7356,89.3,69.6286
"GABRB3",5,"CCCAACACCTGGGTAAACAATGACCTTCCAGAGAGTGGCTCCCGTATGCC",NA,"15q12b",1.51844680851064,99.9138,65.8,127.5,123.577,174.5463,133.6475,141.2168,112.2066,112.2333,91.1,77.5091,90.5,79.6957,75.7667,143.1154,71.2333,118.8194,57.64,106.5452,54.35,93.2824,67.7429,72.8,57.6,65.3,67.4,66.55,66.4667,62.6667,63.8667,58.5,79.6909,56.9,87.7897,59.7,73.725,66.3,81.48,59.3,54.4
"CHKA",5,"GATGCCCCTGACATCATCATTCTTGTGGGAGACAGCAGCCTGTATGTGGT","11","11q13.2a",1.46798569674664,423.7511,288.6616,307.9,359.2732,417.0932,410.8336,364.2157,475.9806,312.0242,467.5269,298.9553,719.6479,431.534,393.2689,663.5732,565.646,426.8887,864.9462,420.6135,785.041,434.713,244.1514,303.0923,285.2244,427.0322,295.7048,291.6526,272.12,232.5,254.7182,267.1871,244.3754,305.3543,305.9609,258.7415,285.6706,254.5304,360.631,422.158,350.0425
"CHKA",5,"TGTCGGATCCTGTGAGTAGGCTGGGCCTCCCCTGGGCAGGGTTCTCCAAG",NA,"11q13.2a",1.38720551231668,171.7298,123.7955,156.9,185.1661,175.1294,138.6139,134.255,168.3707,105.4679,182.0478,139.634,218.0947,191.0882,127.3417,320.18,238.174,135.2941,248.3246,128.8821,279.9175,175.0889,105.223,131.8906,130.1024,162.1019,123.7209,114.9974,95.8421,81.912,133.8847,111.6426,123.8701,135.066,114.1344,92.6588,124.3484,96.6296,115.3115,166.76,164.6
"AGL",5,"CCCTTCTCTAAACTGTGCGGGTAAAAGGAATGACTGTCCTTGAGAGAACC","1","1p21.2a",1.29996903900512,385.44355,296.5021,319.4,392.25,378.6371,474.0481,458.7096,332.4573,364.2545,334.3319,402.0233,57.6,396.6868,408.4789,166.625,417.9931,346.4043,219.4256,596.0082,191.3429,400.3408,476.7119,332.9444,331.6908,272.744,273.5574,338.0982,321.7888,351.4204,272.6818,322.0831,453.792,319.4468,350.0223,252.4257,215.525,262.7913,199.3587,270.3453,226.7535
"CAST",5,"GCTGTCCCTCCACTACAGAAACCTCACAGAACACAGCAAAGGATAAGTGC","5","5q15d",0.751866272279809,434.26935,577.58855,507.2,539.8645,426.9546,468.8409,469.7478,298.0709,441.5841,373.5406,403.8907,399.7031,570.0313,366.6468,251.3349,357.1587,580.3383,268.6924,841.0685,324.7797,467.8258,960.9868,594.1636,638.9354,467.5668,582.3473,625.1835,474.6774,572.8298,501.5585,469.1737,882.8492,734.2857,517.8328,649.3448,544.2387,665.2181,513.6723,429.2063,621.2467
"CAST",5,"GGGCTTTTCCAAAAGCAAACAAAGATAGGTTCCTCAGGTGACCAAAACTG","5","5q15d",0.719588955755761,439.27315,610.4501,393.6,470.2698,399.1634,436.7707,500.0797,316.5626,461.2859,407.6385,584.4219,4034.347,649.663,397.5384,252.8977,263.1376,832.6933,161.6652,739.0514,241.7148,441.7756,915.1244,653.3842,660.9332,555.9251,609.2721,611.6281,486.1181,674.7725,751.0176,556.5299,1090.9902,695.3641,449.6903,516.9549,632.9472,962.0649,318.6606,357.415,570.1888
"RUNX1T1",5,"CCCCTGGCCTTGACGCTATCTCCCATCACCTCTGCTATCCAGACAGGACT","8","8q21.3f",0.718119662552717,73.38095,102.18485,71.4,69.2444,75.3619,86.4231,95.7,96.4,58.2333,107.8571,67.85,57,68.5385,77.2667,98.3375,122.7314,57.8,76.7538,66.2211,57.32,63.2,77.64,103.8121,101.484,96.2441,102.8857,152.5039,127.9083,106.3143,116.48,87.1727,63.84,92.3553,106.76,106.9077,81.48,68.35,70.6308,107.9333,58.3667
"FBLN1",5,"TCAAGATGGATCTCTCTCGCCACGGCACCGTCAGCTCCTTTGTGGCCAAG","22","22q13.31c",0.695338717967703,1457.98605,2096.79975,3865.6,2462.8936,1072.878,2536.4959,975.9008,1341.1793,1574.4035,822.4788,650.2038,730.016,1459.0936,1456.8785,5300.9507,1736.4973,1554.2849,1051.8029,1042.2352,2442.9588,1065.2006,3439.9634,4429.4647,2651.4833,4629.2335,3309.0384,2025.961,2515.884,1373.5076,1703.0728,1185.3976,2797.6853,2231.6862,2050.434,1228.6282,1840.58,1327.4798,4109.9501,2143.1655,798.617
"CAST",5,"CATTCCAGTCAGCCAACAGATGGAAGGACCACATCTTCCTAACAAGAAAA","5","5q15d",0.686277423620842,881.8342,1284.95295,1389.5,2036.0774,1448.702,911.6574,602.2411,536.8471,642.5046,980.9533,869.85,552.088,726.9602,629.5759,893.8184,803.5428,1295.2118,815.1073,987.0304,477.3765,1057.2313,1157.1378,2251.0256,1983.1241,2246.2595,1442.7356,756.6035,1029.3075,1173.6509,1236.5147,1309.8889,1222.419,1127.2707,829.0738,1447.7561,1873.4371,1508.6684,1669.9329,874.8952,1260.017
"FBLN1",5,"TCACCAGGGGAATGGCTGGGATTTCTCGGCACTCTGCATCATCCATCTTT","22","22q13.31c",0.653734670366188,7558.6332,11562.23395,10869,7465.3827,5570.3702,8016.2811,6123.1311,7651.8837,11039.3237,6855.6129,6018.7422,6750.6646,8085.3893,7945.7593,11367.8692,7421.6943,9355.1962,3440.0252,5293.7092,7966.3118,6172.159,11914.6143,12096.5773,13025.0668,13968.9642,13155.1422,11812.9362,14146.6753,12187.8061,11217.6073,8907.7129,11227.3646,11948.1072,14379.3184,8518.9764,10198.1347,9814.5517,8113.6223,11311.5317,5924.2419
"S100A13",5,"AGGATCTGTGGGGTCCTGGGTTCAGCACTCTGCCCTGCTGCCGCTGAGGA","1","1q21.3d",0.614954471756565,84.95965,138.156,75,80.2,86.9261,76.6435,66.7231,84.8808,88.1207,89.9571,93.5292,64.2,75.4437,90.95,103.9333,77.7818,130.345,101.2714,81.8,61.4714,85.0385,124.1579,118.641,155.1449,124.0429,121.586,132.4655,120.825,126.9848,130.3783,148.2431,80.5636,145.9779,149.395,228.4094,177.3644,178.8429,138.675,137.637,205.3779
"S100A13",5,"CAGCGTCAACGAGTTCAAAGAGCTGGTTACCCAGCAGTTGCCCCATCTGC","1","1q21.3d",0.606578612888804,892.55195,1471.45305,955.5,1214.2287,1030.876,984.1236,667.5707,730.3847,1259.3437,551.2056,684.7385,443.7329,966.3154,1044.253,967.1194,605.3484,659.6308,1106.8616,829.6039,400.0982,651.8522,1518.1702,1469.7543,1581.5035,1767.0632,1571.4058,1707.9293,1279.5071,1192.9938,1034.3379,1161.543,1320.3006,1785.4843,1359.1559,1664.4995,1473.1518,1548.9138,1715.4574,1360.3446,1411.9294
"Gcom1",5,"CCTCCGTGAGCGGATCAGACACCTAGATGACATGGTGCATTGCCAGCAGA","15","15q21.3d",0.549715584630414,336.8034,612.68665,482.7,419.55,812.6947,248.3617,205.1808,239.0581,213.7636,80.04,233.0544,55.2,398.3396,420.6201,248.7302,275.2672,635.6704,234.7377,665.6997,518.2239,440.4417,698.4349,607.6114,617.7619,670.1026,508.4686,552.0275,753.6386,360.7003,252.28,345.1514,758.2185,638.1069,649.6721,794.5392,784.3625,643.7371,487.8969,369.699,235.16
"CREB5",5,"GAGCTCTCATGTTCTGCACCTCAGGAGGGAATTCAGCCTCAGTGATGTCC","7","7p15.1d",0.518096759010836,70.725,136.50925,90.1,80.8,93.22,83.0969,69.05,72.4,60.3714,98.1103,65.8,61.525,64.3556,89.15,56,95.4647,58.7,59.8,66.0632,154.6684,58,139.0918,172.2235,133.8022,169.9748,115.3515,147.252,111.8473,178.0511,87.3105,90.2273,317.013,110.4571,139.2163,167.4742,100.0471,174.8061,693.0564,121.8571,62.18
"FBLN1",5,"CCGTGGGCTTCCGGCTCTCTGTGGATGGCAGGTCATGTGAAGACATCAAT","22","22q13.31c",0.474259452122679,758.8197,1600.00965,1777.4,933.8974,449.5441,1148.1658,719.2669,811.403,1237.6406,410.7975,367.7355,54.2,729.9684,928.8362,2256.2201,742.3502,775.2892,433.9029,500.3633,1262.606,571.8397,1631.0403,3429.0382,1599.7487,2321.9991,2536.5911,2472.4453,1600.2706,1358.3754,959.7702,613.7,1015.9877,1737.8241,1759.0332,773.3041,1173.3414,684.2672,1822.2124,1940.6452,369.0073
"ZNF365",4,"CTTTGTCCACATGGGCCGTTGACCTTAGAGTTAAGGCGGTTGCTTTTTTG","10","10q21.2b",4.97948350348136,310.16655,62.2889,429.7,309.731,345.7177,442.8051,134.516,379.2202,823.3677,380.0779,310.6021,66.6,312.8581,208.2507,47.4333,67.3143,195.001,318.9176,470.0528,54.275,168.5273,127.3789,74.975,61.5,68,64.1778,55.94,54.575,71.7412,58.18,72.1667,61.9778,64.9111,59.4667,62.6,55.6,61.1,54.05,66.4667,113.6154
"FOXL2",4,"AATGTCCCCGGATCTTTCGATGCAAGTCCTGGAGGCAGGGAGATCACTGC","3","3q22.3c",4.04724179973042,261.0817,64.50855,459.1,381.7978,114.5617,312.8653,150.4583,249.5698,678.5459,389.9858,157.5658,57.1333,282.2185,53.975,63.52,448.6125,168.9971,397.0091,272.5936,274.8749,195.781,83.7375,56.6,80.3143,258,54.65,48.75,54.725,60.55,310.5366,65.6571,58.02,109.8857,106.28,63.36,131.2514,108.85,56.7,173.141,43.7625
"NPTX1",4,"GCAGCCTTTTGGGTATCAAATGGGTCAAAACCATGGGACCTGCCACCTCC","17","17q25.3e",3.33292932187202,174.47885,52.35,150.6,191.5833,257.6388,361.8974,774.1457,170.0466,57.52,434.2105,143.7576,413.5674,148.3622,373.9336,167.975,70.4667,198.4697,56.8667,245.0643,53.7,178.9111,64,61.7333,53.1,67.4857,57.94,50.1,53.325,50.275,57.475,55.625,58.26,51.1333,51.6,51,50.35,54.725,49.9,49.9,49.4667
"GALNT9",4,"AAGAGGGGTGCTGGAGGACATGGACAGCGACAAACCTGAGGCCGTGTCTA","12","12q24.33c",2.65495722903758,248.59015,93.63245,229.3,202.1883,164.2671,405.672,165.3839,238.8078,405.8123,774.672,324.2729,433.3736,351.8214,220.0159,258.3725,832.6425,158.5829,174.9681,128.7747,721.9907,798.9166,64.6545,113.6154,70.8545,124.0429,93.0875,63,64.6222,81.192,286.4306,209.3519,61.2,58.9,61.1,142.2736,71.3,99.1556,94.1774,419.1144,125.6545
"FSD1",4,"GAGCCAGGCACCCTCCTCTGTCACTTGCTGCTTGGAGCCTTAACTCCAGA","19","19p13.3d",2.49382204760804,134.8846,54.0875,98.9,129.5967,111.2255,190.8242,140.1725,301.1445,157.1171,191.6565,221.4387,81.6,141.3214,149.7626,51.8,56.525,156.5,59.5,99.5939,58.6333,239.6,55.1,56.8,53.25,64,55.4,53.75,54.875,54.05,54.125,58.2,52.9,52.3,52,57.9,49.75,48.6,51.2,56.375,120.0231
"MGC39900",4,"CAGCCTGGGTCTCAGCCCCGCGTACGGCCTTTCACGAGTCTTCAAGCCTT","X","Xq22.2b",2.49061983849827,1153.4916,463.13435,1307.6,1242.2257,995.1076,1352.6921,1068.2968,1494.0159,1279.7777,991.4499,1272.7479,70.68,1143.1083,1339.7579,736.9797,538.4547,1163.8749,879.5615,926.2135,1315.7608,1527.9059,479.0224,441.128,393.94,558.0123,479.3503,396.4605,552.3518,468.0789,513.4789,651.7474,335.1257,411.2788,430.1625,410.285,457.186,673.8645,458.1898,761.3357,1091.0507
"PARD6G",4,"GGGCATGTCGTTCAGTGCCCCAGCAGTCAGAAGCAGTTTTTGTGGAACTA","18","18q23d",2.42291002502172,1047.1444,432.1846,1440.7,1131.1476,1077.3148,1312.6804,1016.974,1229.2423,1165.5542,966.0549,709.9692,1001.5159,1434.1813,897.5453,972.9447,787.0806,971.5225,1005.8044,1902.8498,1327.7413,1153.9019,629.7801,439.4936,390.3914,581.5078,384.1863,477.5694,427.6756,358.2944,483.8766,406.3324,461.4151,373.0746,390.1881,468.2834,385.8162,353.693,436.6936,822.6381,617.1945
"MGC39900",4,"CCTGGGTCTCAGCCCCGCGTACGGCCTTTCACGAGTCTTCAAGCCTTCAG",NA,"Xq22.2b",2.3997612643524,1277.8052,532.4718,1289,1365.5318,979.1279,1490.6242,1221.8363,1693.8599,1368.4941,1165.9644,1412.0171,103.4889,1266.6104,1426.1088,969.0612,643.244,1390.9922,898.4077,1058.3882,1375.801,1764.2876,519.7707,489.4705,420.0815,578.6177,546.2871,408.1436,643.3621,513.111,622.7884,689.2071,353.01,392.4673,449.1575,604.1749,518.6565,802.0601,481.4525,827.0169,1272.6463
"PARD6G",4,"TGTGCTCTCTGCTGACTTGCAGGCGAGGCCGACTGTGCTGATGTACGTGA",NA,"18q23d",2.2179542643333,269.41435,121.46975,363.7,224.3555,263.6061,288.6142,261.5662,339.9935,335.6142,229.7528,198.8346,53.8333,301.7938,259.8508,215.1077,179.795,353.1865,388.5161,430.8116,400.8804,275.2226,157.7549,140.0642,104.3931,154.2444,105.6,152.7323,107.4627,99.7163,122.6174,126.2846,121.4515,121.488,101.6927,111.825,83.9083,119.922,133.2917,276.3005,155.8556
"PARD6G",4,"TTCTTGCTGTGCTCTCTGCTGACTTGCAGGCGAGGCCGACTGTGCTGATG","18","18q23d",2.19171833486849,247.1089,112.74665,318,233.6538,255.1103,274.1185,218.8206,315.7405,280.665,180.1783,159.2711,61.775,287.1833,240.0178,184.3714,148.8545,254.2,296.3937,361.6586,356.7703,224.2963,158.4394,124.9333,102.352,165.4327,96.9962,121.9867,111.8473,101.1581,117.95,115.6043,112.2333,113.26,100.9366,84.0923,73.725,86.3,121.6102,246.7333,113.6154
"FOXL2",4,"ACAGGACTGATGGCGGGACCGCGCTGCCCGAGAAAGGGACGGACCAATAC",NA,"3q22.3c",2.13816478157633,150.7419,70.5006,204.1,192.5933,92.4491,185.8457,87.4733,135.6049,371.8638,205.7087,93.5292,60.4667,165.8789,61.9,66.8,233.8033,98.2083,340.8126,188.9995,179.7742,91.1,70.4947,56.3,69.26,146.35,60.3714,55.1,65.2545,71.7412,184.2837,63.2,59.6286,87.0059,75.0118,77.7,86.6692,94.2318,60.6333,94.3389,63.08
"MGC39900",4,"ACCTTGCCATGGATGACCTTTGTGTAGGTAGTCCTTGCACCTCATGCAGG",NA,"Xq22.2b",2.07454356823108,1528.90355,736.9831,1600.6,1498.4577,1164.4738,1508.904,1503.0679,1725.4716,1683.5373,1548.9031,2036.0921,2300.8647,1218.8903,1875.6889,1613.4893,959.2395,1812.8043,1001.1,1217.8272,1471.9515,2110.8341,703.5677,597.25,528.435,738.7662,647.2531,579.9987,833.1882,650.9319,833.8444,1101.719,555.7606,497.9246,673.3337,823.7127,856.3539,1387.8621,735.2,843.0267,2236.4322
"STMN1",4,"TTTGGCGCTTTTGTGCGCGCCCGGGTCTGTTGGTGCTCAGAGTGTGGTCA","1","1p36.11b",2.01329792067461,271.4138,134.81055,223.3,307.4426,291.2747,258.2341,239.091,374.1883,351.7535,359.4602,388.7237,53.55,230.3959,278.457,264.3706,187.75,225.9504,493.7,186.5681,389.8,323.7908,107.3213,123.3467,124.878,161.3449,122.7721,112.359,139.8354,126.3392,179.1939,180.0978,96.1591,119.14,111.5639,136.9628,138.0914,144.5217,132.6583,238.0222,234.488
"FRAS1",4,"GCTTTGCTGCCCTTTTATTGTACCCCAGGCCTCCTAGAGGACTCCTGCAG","4","4q21.1c-q21.21a",1.8731528509614,494.43265,263.95745,981.5,657.7941,426.3569,659.5103,295.5112,714.3336,595.2821,565.1397,277.051,383.7853,386.7458,562.5084,190.7657,945.4522,212.9304,280.2497,834.1718,922.8327,347.4474,330.0434,428.9454,403.0481,527.8168,230.2062,112.6103,210.3764,165.7195,335.9692,222.1209,358.2228,297.7087,156.9459,181.9232,127.3097,96.4,331.6203,655.0805,320.18
"BTBD11",4,"CTGTCACCTTCCTCCTCCCACTTCTGTATCCTCAGAGATGCTGCGTGGAT","12","12q23.3d",1.73804783273464,162.498,93.49455,104.3,118.1811,85.89,186.0914,184.3268,242.8123,248.447,303.8868,203.6904,234.7217,161.7579,157.601,259.6765,258.2432,90.5353,155.119,125.1242,163.2381,148.2549,91.1,102.104,90.0818,90.4379,87.3378,134.7455,96.5512,167.9585,185.6878,239.0161,61.9778,89.5471,77.55,79.2,64,131.2706,78.78,164.735,114.3692
"MDK",4,"CCAGGCCCGAGATGTGACCCACCAGTGCCTTCTGTCTGCTCGTTAGCTTT","11","11p11.2c",1.73647205756567,3973.3905,2288.1972,5059,5015.8775,4763.8985,5908.12,4309.2278,5942.1475,3260.9322,3057.1682,2095.0813,1156.8715,6500.1698,3784.0268,4514.4742,981.8309,1457.7575,2193.857,4025.8235,9322.2963,3920.9575,2285.1263,3397.3953,2539.4981,5429.5925,3554.3851,2049.765,1977.8677,1770.6995,2695.4354,1609.6675,1925.0555,3064.0679,1849.9961,1438.1273,1662.7964,827.8924,2526.6294,5601.7471,6634.302
"PDZRN3",4,"CCACCCAACCCGGTGGTTAACGATTTAATACATATAACCAAACCGGCAGC",NA,"3p13b-p13a",1.71461181953502,1030.5382,601.03295,1229.5,712.7769,1493.19,1015.5429,1415.6391,934.9816,573.093,629.5276,711.0731,1960.7873,1456.1483,1045.5335,532.2,628.6284,1076.525,703.4793,1404.3225,1218.5398,953.9313,1238.3734,646.0274,574.5416,918.9931,551.0551,791.0632,791.5695,550.6455,557.7983,379.0674,1363.5626,633.2493,715.4628,594.423,607.6429,565.7161,594.2567,752.1677,352.7844
"ZSCAN2",4,"ACCTGGAGAGTGAAGACGGGCATGACGGCAGGTGAAGGGGTTTGCTGTGA","15","15q25.2b",1.70224805441222,492.89035,289.5526,369.6,504.6374,460.8638,568.1284,558.2339,511.5858,531.0732,497.6269,488.1538,421.886,505.1826,657.6349,340.6563,261.8608,344.8684,504.2274,368.1737,669.1533,396.4453,252.0019,246.0355,279.7008,307.0857,331.0636,299.4044,314.6386,319.869,316.4028,327.8502,207.4795,277.9729,320.3372,261.5528,260.584,215.0944,259.4373,423.5997,245.912
"PRKCZ",4,"CCGTGCAGCTGACCCCAGACGATGAGGATGCCATAAAGAGGATCGACCAG","1","1p36.33a",1.60470845095838,187.64225,116.9323,291.8,280.8,186.6932,295.3506,264.3285,263.909,299.4788,188.5913,143.3182,46.8,196.5838,217.1417,75.2875,112.8867,133.2824,69.12,174.2309,103.2154,253.8,128.1842,161.9794,107.4276,125.7914,126.4488,113.741,125.075,131.7793,82.7467,109.1455,120.0231,116.48,101.9951,106.2923,119.9739,93.0273,90.3615,126.52,117.3846
"MDK",4,"AGACCGGTTCTGGAGACAAAAGGGGCCGCGGCGGCCGGAGCGGGACGGGC","11","11p11.2c",1.58262958417926,147.21565,93.01965,263.4,300.0873,219.8757,153.7813,124.2,172.8421,94.0618,163.7692,107.7613,56.4,167.0158,140.65,203.4629,64.4571,59.7,135.7184,108.9562,293.82,180.8222,70.4947,136.8377,144.1682,225.3397,75.7304,93.0587,65.4364,61.5875,109.6588,98.1103,73.5167,104.8857,68.9692,67.3143,62.04,56.075,92.9806,160.55,308.6746
"KCNIP4",4,"CCAGTTTCTATGGCCTTCCCACCTTCTGTTAGAAATTAGTTTTATCTGGC",NA,"4p15.31d-p15.31b",1.57885465284931,175.80215,111.3479,300.5,436.35,213.645,353.312,165.3839,309.3409,121.675,422.8756,295.8723,52.6,117.1333,152.5455,103.9333,173.99,54.7,177.6143,67.94,232.5344,287.4164,70.4947,166.7441,144.0327,173.6297,178.0459,89.7105,109.9725,195.594,473.7065,211.6612,100.5709,96.9511,75.4529,73.3778,55.3,70,93.1516,112.7233,213.6326
"C17orf58",4,"CTGCATATGTACTTTATACCACCGTTTGTAACGTGGGTGCCACAGCCCGG","17","17q24.2b",1.53382145171367,125.33645,81.71515,211.3,229.7409,124.6062,130.6,193.7725,104.9333,141.8557,136.7385,98.5462,43.26,99.2837,126.0667,157.85,67.1429,61.04,135.951,85.3238,207.7914,83.4615,73.8609,123.12,134.827,105.8,85.3103,114.2436,76.05,77.7818,173.9286,129.6192,78.12,98.0533,75.3059,64.8,55.1,70.2,68.6364,104.1,74.6625
"C17orf58",4,"TGGGCTGCTCCTGAGCTCAGTGTCAAGGTGATTCAACTGTAGTGCCAGAC","17","17q24.2b",1.52681193220941,1615.3571,1057.9935,4740.1,1992.5636,1572.3316,1752.9784,2250.4359,1178.0044,2074.7928,2219.7138,1401.0444,608.3031,1235.6856,2165.2896,2576.9234,1014.8748,604.9678,1658.3826,947.7717,3468.2931,1156.3273,935.5077,1360.1641,1447.7417,1578.9351,1228.1779,1013.1656,916.4813,945.1209,2218.9101,1300.6087,1059.6358,1056.3512,1248.8543,917.6179,875.5308,742.5215,967.1697,1481.333,896.4765
"GREB1",4,"CCTTCTCCCACTTGCCTACCCTCAATGCCACACTGTTTTTGAAGTGGCCC","2","2p25.1b",1.49371381540289,563.69645,377.37915,1005,743.2136,470.0224,621.9311,548.8523,474.5369,799.0366,647.9926,513.8192,50.5667,578.5406,584.1602,548.4789,381.738,418.6468,620.9979,826.8273,502.9887,534.2733,605.3881,368.1341,629.2218,414.8224,379.5082,221.0642,325.9598,375.2501,555.3531,291.2524,811.8273,366.3282,683.4908,380.7844,255.796,208.335,600.0871,284.6175,513.774
"PDZRN3",4,"TGAGGTCAACGGCAGAGACTTATCCAGAGCAACTCATGACCAGGCTGTGG","3","3p13b-p13a",1.48092646278965,346.9807,234.29975,318,177.4339,362.9908,348.3816,516.6735,465.1532,226.8682,372.5348,199.8058,53.9,395.1717,429.0256,252.3767,235.4423,361.7594,310.5698,388.9856,584.1496,345.5798,306.8176,211.0644,162.845,259.368,264.0762,475.5389,341.6008,301.8966,222.5,148.6458,129.233,283.8877,236.3559,232.2436,252.7702,189.198,219.0178,508.0111,125.6545
"FOXL2",4,"TTCTACTGGGCTCGTCTCTTTCCGGAGCCCCAGCGTCTCCTGCCCAAATT","3","3q22.3c",1.46754157378628,77.1254,52.55415,185.4,168.2191,65.175,131.503,68.7875,82.8308,244.6525,71.42,56.3,41.9333,125.1688,48.075,51.1333,92.9706,52.1,145.9127,117.2723,117.6491,56.7333,56.3,56,53.4,123.6057,49.6,47.6,47.3,52.075,73.1,51,57.5,64.5333,59.4667,49.25,48.3,53.0333,47.7,88.85,47.2
"LGR6",4,"CAGGAGGACGGCATCATGCTGTCTGCCGACTGCTCTGAGCTCGGGCTGTC","1","1q32.1d",1.45429720776148,92.1879,63.39,113.7,95.2758,119.983,145.1071,87.58,97.33,88.1207,102.3862,63.3333,67.7,130.8714,70.4286,191.92,124.48,87.4294,71.35,89.1,190.6214,62.3667,67.9143,70.7714,66.3714,88.4517,66.3455,58.18,60.8857,56.6,54.5,59.1,63.08,63.7,61.65,58,69.6,65.5143,65.2,107.1,55.6
"PDZRN3",4,"CAAACCCTACAACTCTGGGTGTCATAGGTCTATTTTAAGGGAAGAGAGAG","3","3p13b-p13a",1.45242173593398,614.4078,423.023,872.8,545.7602,940.8907,626.5296,847.0388,540.3027,365.4774,531.1005,533.2082,187.0333,1038.0696,607.1661,388.9044,425.4819,776.8491,325.4269,823.3342,905.1594,645.1695,621.6495,368.1341,323.4851,523.364,416.4202,474.9417,462.8281,353.7118,429.6258,288.8921,1108.5847,413.2442,404.4185,446.7679,446.7164,437.0312,300.6154,543.0786,269.0577
"MRPL43",4,"AGTGCAGCCCGCCGCCACTGGAGTGCCCTGTATGGAAGTCCCCTTAATAA","10","10q24.31a",1.44971837449249,198.8678,137.17685,107.4,126.2525,85.89,118.6448,106.0444,162.9241,218.6955,361.807,454.0081,97.0889,213.4188,167.9816,303.7171,277.8208,213.6852,237.6754,184.3168,285.42,248.2,153.4682,104.0545,118.9797,95.4647,101.7654,101.825,135.362,167.5634,273.3727,413.9974,64.9429,162.6082,130.7326,159.6355,259.52,129.75,138.9917,187.9889,284.6448
"TRIM36",4,"GGGAAGACGACGGAACTTGCCACAGCGACAGACTTCTCCCAAACAGGAAA","5","5q22.3b",1.43514179353866,92.332,64.3365,85.2,87.644,67.7,175.4029,86.0897,97.02,126.2969,138.9308,105.6968,323.3117,86.3,123.5167,221.5064,65.9667,177.6143,61.4714,75.3414,64.7111,199.8722,71.5,61.9,62.8,72.75,62.25,68.5,63.6,67.2615,64.2286,68.7778,65.4429,75.1588,64.4444,60.05,57.9667,69.8,57.9,54.575,91.1
"C3orf23",4,"TCAGGACCCACCACCTGCCGGACCATCATTTTCCGAGTCCCTCCGGCCTA","3","3p21.33a-p21.32c",1.42568632282099,142.634,100.04585,236,164.2553,165.4877,194.785,141.3038,109.9333,167.1457,141.7808,138.9887,54.5,132.6357,162.3194,143.4872,141.715,81.3692,400.8257,123.8358,145.2053,218.2121,96.6296,138.3434,112.3043,113.1789,96.8769,109.3778,89.4448,100.1488,99.9429,99.3931,79.6909,94.5868,107.4,92.9706,96.0214,85.0188,105.1455,131.5852,103.6909
"SSR2",4,"GCAGCAGGGGTACTTCAAATAGGCTGGATATGTGTGGCTGTCCTCCTGTC",NA,"1q22c",1.41784909184594,220.13525,155.26,149.6,153.1807,113.6234,190.1641,157.1271,243.0626,231.8,239.3279,236.8176,62.1333,178.0238,217.7166,450.4366,327.486,222.5539,346.533,154.205,240.7355,268.1435,121.7421,132.5358,123.5098,131.0685,139.0313,106.9333,197.1662,168.4854,208.888,208.9778,103.0638,131.1876,151.86,166.6903,145.2625,173.7531,192.4651,158.66,390.0445
"EPS8L1",4,"TCTTCCCCCATCCCGGTGGACAGACTTAACGATCCTTGCTGCAGTCCCTC","19","19q13.42b",1.39606406011027,98.3999,70.4838,134,176.0138,138.1339,96.6583,69.96,138.1073,98.5628,68.1556,75.3727,100.5333,161.0474,139.3,64.8,58.18,90.2529,59.7,137.5871,54.2,140.3317,98.237,71.6,97.268,155.8556,64,62.7333,69.8571,68.3231,72.3364,64.9429,71.1105,97.0889,101.9951,66.9714,96.0214,66.55,59.0429,63.1143,139.0769
"KCNIP4",4,"GGCTCATGAAGCTCTTGCCCTGCTCAGCTGCCAAAACGTCGTCTCCTGCT","4","4p15.31d-p15.31b",1.37196153159054,138.2361,100.758,171,237.5159,140.2157,252.5319,136.2565,312.7073,132.6203,322.8855,210.882,49.4,87.35,143.1717,66.3,132.88,51.4,127.7535,59.5778,212.2836,240.4,63.14,119.6462,98.756,130.0171,140.6937,63.36,89.6103,174.6111,386.9298,179.3581,63.36,73.3941,102.76,79.8,61.25,64.5333,61.4714,112.8867,186.4101
"STMN1",4,"CCGCACGTTCTCTGCCCCGTTTCTTGCCCCAGTGTGGTTTGCATTGTCTC","1","1p36.11b",1.36043120325865,765.1295,562.4169,628.7,850.6548,750.2494,833.6459,699.7834,820.5933,896.645,793.5431,909.3983,644.356,659.7338,948.9017,390.6517,348.4801,480.3,871.6769,535.8536,927.5851,780.0096,517.9569,487.4182,703.656,550.6374,588.6964,553.5372,557.4048,642.9064,799.7646,708.1538,497.6248,567.429,617.7977,605.2123,517.4024,585.7557,471.0786,535.7835,353.4698
"C17orf58",4,"GGGCTGCTCCTGAGCTCAGTGTCAAGGTGATTCAACTGTAGTGCCAGACA",NA,"17q24.2b",1.36037547834765,1445.25495,1062.39415,4675.6,2066.6266,1425.1,1591.5494,2136.6325,1150.21,1829.3991,2119.0891,1118.3037,602.2216,1094.6482,1987.9909,2246.1315,1000.7678,562.2968,1465.4099,892.9684,3285.3163,1019.2907,832.062,1285.5062,1390.4662,1526.6753,1212.6345,805.4035,864.6182,858.5639,1929.3115,1249.3409,1154.0374,970.7509,1171.7885,802.0807,770.1125,639.9051,860.9963,1293.297,794.7901
"CACNB2",4,"AGACTAACGAAGAAACTAGAGACTGATATCGAGCATTCTGCCCACCTCGC","10","10p12.33b",1.35061610922074,420.2883,311.18265,312.9,300.5777,529.1189,254.0809,404.2391,623.1765,198.7014,330.343,293.9883,1886.654,765.419,370.9954,281.6703,506.1385,1014.8136,312.595,711.1147,436.3375,839.5667,452.1955,201.1744,243.9532,335.5823,201.4429,178.5872,459.5593,310.1625,311.7683,257.3294,423.4937,379.9615,696.9952,468.0661,616.8006,578.9337,279.4218,300.8835,310.597
"TUBG1",4,"CTGACTGACCACCCCCTCAGAGCACAGATCAGGGACCTCACGCATCTCTT","17","17q21.31a",1.32835523121361,1323.9696,996.69845,711.4,1392.4864,943.6491,1329.6038,979.9845,1367.5324,1216.4451,1318.3354,1420.739,2424.1805,1179.0788,1347.5162,1121.62,1738.5882,1560.4985,1718.0755,856.2059,869.6644,2119.1762,862.9902,1098.8895,1261.2632,800.1549,940.1255,638.3461,907.1225,865.4258,1251.0422,1430.807,671.3407,936.7759,899.6332,1374.4666,1329.3833,1496.9499,1053.2714,821.954,1802.2516
"GPR125",4,"CTTATTCTGTGTGTGCTGTGGCCTTCACCCTGTAGTTAACCTGTGCCCTC",NA,"4p15.31b",1.32594849410673,179.04435,135.03115,133.2,182.0101,140.513,192.2765,174.3335,267.633,203.3186,377.2283,145.2955,61.2,156.2041,231.9325,176.0786,256.7536,236.2066,344.7577,198.9953,168.3991,173.8944,123.8895,129.92,84.5429,130.9123,139.15,120.9667,250.0953,180.9815,173.7531,169.686,177.0264,102.7429,200.481,163.5548,108.0737,115.6195,279.8352,97.9122,62.46
"LOC653748",4,"CCTGGACCAGAAGTCGGGTTCGGACTTGGGGCAAAATGAAGGAAAAGGCC","7","7q36.2b-q36.2c",1.32547869569115,98.32845,74.18335,118.8,129.2623,155.0603,87.1615,164.5477,89.75,121.0375,125.9636,97.8308,55.2,82.528,138.85,59.7,68.8,110.9161,59.7,130.4926,55.925,98.8261,87.5973,69.12,96.772,123.0229,67.4,138.0618,68.1077,113.9194,75.8308,63.3333,64.0727,101.2222,77.4,74.7667,62.6,92.3045,73.6,59.48,57.6
"MME",4,"GAGTCTGCCTCCATGCTGCAGTGTTCGAGTGGATTGTAGGTGCAAGATGG","3","3q25.2c-q25.31a",1.31779384168196,141.99255,107.7502,253.3,141.2083,159.274,142.7768,107.2667,166.2759,362.2163,128.2818,139.2038,95.075,178.1603,114.5926,221.7846,270.7984,133.9529,171.2913,119.566,83.9346,178.1944,110.0754,112.8615,89.3545,123.46,115.203,84.8906,131.3215,81.912,104.2471,94.437,152.906,82.2,102.4488,91.4118,147.075,149.1449,89.0692,111.2533,303.8687
"CMTM4",4,"TTATGTGTTTGGTTTTTCAGCTGACGTGGAAGCCCTGGGTGGGCGTCCCC",NA,"16q22.1a",1.31343584081573,303.3495,230.95875,429.9,434.075,454.8952,383.3609,286.561,339.0344,241.3475,230.367,279.5503,171.9286,329.8773,274.7358,172.7,320.138,330.2781,161.4304,408.332,217.3333,363.215,268.5139,244.3607,322.5733,221.1985,203.5758,159.9043,271.28,185.4407,237.08,239.9181,306.4667,198.7291,235.0904,226.8271,260.85,241.88,166.625,184.0197,215.3988
"MAGED2",4,"ATCCAGGCGGGAGCAGAAGCTAAAGCCAAAGCCCAAGAGAGTGGCAGTGC","X","Xp11.21a",1.30894172315861,1049.9481,802.1351,994.2,1126.912,827.06,1171.0911,1126.1445,957.1855,1041.4522,591.8983,762.09,469.9376,1104.6399,1078.0583,1787.5607,802.2125,776.6931,1501.603,1095.9115,1213.307,1058.444,1038.6205,838.1718,798.4386,779.6496,880.4679,805.8316,793.15,947.649,679.7381,641.6232,965.6367,899.9809,835.1048,689.9601,716.9101,639.4788,759.5039,1134.528,1007.0367
"CMTM4",4,"GTCCCCGACAGCAGGCAAAGCCTCACATTGCCCTCAATTTTCCCCCTTTC","16","16q22.1a",1.30130345419387,1268.75805,974.99015,1265.4,1286.4551,1544.3277,1783.7178,1371.5531,1759.5241,1320.7726,1154.2434,1197.4862,1030.2162,1469.1567,1231.1406,795.2633,1228.7039,1216.1373,1150.595,2116.5681,969.4663,1651.7839,1272.1161,811.635,1057.455,940.0113,960.8015,989.1788,1478.651,868.3151,1088.576,1042.807,861.0441,1034.675,1148.62,938.1536,1170.932,956.5094,1156.338,858.4795,809.5509
"GPSM1",4,"TTGCTCACGTCTGTGCCATGTTGTCAATGGGTCCTTTCCAACCCAAGAGG",NA,"9q34.3d",1.29799021519958,2122.9902,1635.598,1575.4,1594.2595,1622.6264,1865.5712,1763.9338,2384.1795,2070.6685,2690.2665,2217.4982,3826.9304,1856.3967,1778.899,4347.2375,2179.7066,2202.894,3482.9581,1881.2048,3313.2777,2175.3119,1353.1747,1191.4043,980.6845,1273.2351,1296.2099,1332.2284,1676.0748,1595.1212,1796.7051,1785.0827,1307.4975,1571.6894,1835.0798,1901.5805,1832.4814,1710.8423,1796.2044,1924.3539,1587.7996
"PGM5",4,"CGGACCATCTTTGACTTTCATGCCATCAAGGGTTTGCTGACTGGACCCAG","9","9q13a-q13b",1.29753395918284,696.4001,536.7105,731.1,553.1299,859.2801,859.0814,1002.7556,677.6837,265.1371,487.7865,321.4981,84.5429,758.6227,463.1005,766.1215,691.025,701.7752,301.8616,1036.5164,1148.7678,443.7458,842.8674,609.8159,534.624,618.5015,666.9353,733.351,684.1106,380.0619,298.3956,328.1386,538.797,695.4947,524.0644,428.9692,620.1745,419.783,354.607,691.2406,323.2913
"NBPF3",4,"ACGTTCACACGACTATGTAGCACATGCCGGGAGTGATCTGCCAGACATTC","1","1p36.12b",1.28495612406879,112.83945,87.8158,136.4,160.4638,128.2866,109.6345,174.6218,148.1702,130.1219,89.2714,94.6333,47.7,139.8286,116.0444,107.0444,103.24,89.6882,77.6769,142.5216,131.5388,96.6696,108.7639,89.1235,143.7617,97.8419,86.1586,170.1174,148.4948,123.6278,86.8053,80.52,68.5444,136.0062,78.6,78.6,64.8,88.8263,86.1217,124.6257,86.3
"TRIM36",4,"CACCCGCGTCGGTCCTCCAGAGTTTGTGAAGGGGTGTAAACATGTCGGAG","5","5q22.3b",1.28340425531915,75.4,58.75,88.3,107.1714,71.1312,141.4356,84.0923,68.4667,76.95,79.32,62.72,104.3778,68.3231,84.8739,104.3778,56.1,73.85,57.58,64.2,58.18,101.2522,57.3333,58.1,61.5,68.525,61.4833,62.7333,60.8857,59.5143,57.24,57.3,54.275,57.52,63.4,54.4,53.6,59.48,58.0333,54.8,59.4
"SSR2",4,"GGGAGGAATCCTGGCTCAGCGGGAGTTTGACAGGCGATTCTCCCCTCATT","1","1q22c",1.28087012478502,3101.1454,2421.124,3988.6,3346.0189,3408.4016,3467.5206,3234.7167,2457.5014,3278.9237,2126.0615,1832.7797,54.8,3487.0514,3320.4671,3950.6854,1954.2359,1790.153,2270.181,2967.5741,4280.0494,2551.6508,2276.2517,2540.545,2629.0393,3072.0855,2582.7998,2440.3215,2109.6128,3003.9566,2094.817,1915.9963,1552.6733,2468.6124,2401.9265,1477.3979,1572.2454,1525.9502,2103.5717,2928.9329,3580.8101
"SYTL2",4,"CCCAGAAGCCCTGCTGATGAACTGTCTCATTGTGTTGAGCCTGAGCCATC","11","11q14.1e",0.741844192382631,91.75945,123.691,150.3,99.5795,143.4397,83.8656,107.1556,94.3389,149.0211,86.3,87.8158,55.7,83.84,75.9333,63.84,89.18,144.0714,60.0857,186.7482,64.6222,95.7765,117.2182,164.3618,124.5049,122.8771,142.2661,199.4451,131.1772,135.7103,94.5565,83.8882,87.38,149.1858,97.0049,126.1538,80.76,109.85,84.6957,209.6577,68.2
"ITGB5",4,"GGCTATGCCTTGCACACAGGTGTTGGTGATGGGGCTGTTGAGATGCCTGT",NA,"3q21.2a",0.734043256493272,5102.5216,6951.25465,5900.6,4841.0279,5286.3549,4727.4514,5784.9358,4631.2629,9993.5443,4764.4492,6212.617,4044.1078,5054.0801,6101.4341,1752.9308,5150.9631,5422.8249,4055.9269,5252.0508,2951.6125,4094.6129,6510.9016,6080.5614,8489.7956,6669.3466,6806.707,8576.9483,6663.283,10275.5354,7095.8023,6735.5507,6048.8568,8941.8383,8530.6574,7106.4571,6266.708,8002.0955,6617.7024,8930.4037,2872.4897
"DNAJB12",4,"CCCGGAGAAGAGGAAGCAGTATGACCAGTTCGGCGATGACAAGAGCCAGG","10","10q22.1f",0.724783418938508,197.3208,272.24795,214.9,176.4872,231.3703,183.3886,238.2125,174.2636,216.8636,187.8435,206.7981,51.5,175.8397,244.7893,209.8114,165.95,226.7052,138.5102,167.7154,162.3779,232.2,221.7667,310.9734,269.4785,305.7714,310.8908,346.8879,257.42,311.2728,186.3898,240.9705,166.4,251.0519,289.4865,211.6823,277.076,275.0174,171.6875,221.384,307.2328
"SYNE2",4,"TTTCAGATTGTGTTCCTCCCCAGGAGCAGGGAACCTGTGTGGCAGGTGCC","14","14q23.2b",0.723069705656912,86.92885,120.22195,129.3,173.1734,127.866,87.4077,117.3301,76.05,79.8,97.8966,80.2615,50.35,102.1674,86.45,71,59.6,71.7,59.15,104.3534,113.6947,76.8,129.1237,143.25,141.4876,142.1611,138.7937,164.2478,107.9333,99.1395,94.0957,112.2681,122.1876,141.7649,129.3425,118.2563,92.2357,81.48,91.271,122.8771,58.2333
"LTBP3",4,"TGAGGACAGTTCAGAGGAGGATTCAGACGAGTGTCGCTGCGTGAGTGGCC","11","11q13.1c",0.720635410947328,685.64885,951.4504,1117.7,1345.7254,1163.0934,919.0054,945.1239,480.1671,523.5236,303.2792,374.1934,215.2395,862.3741,608.7157,586.3569,443.0423,443.1,762.582,1005.2135,868.0307,318.1879,1405.1842,1391.898,1457.304,1387.804,1165.033,1143.948,788.8038,839.6248,433.2862,438.345,1803.617,1314.872,744.5087,478.4978,539.4734,473.6488,1128.551,1063.276,436.499
"CDC14A",4,"GAGGAGCGTTACATCCTGATATCCTTCCAGGCTGCTTAAGAATGGACTGC","1","1p21.2a",0.720484584951317,172.321,239.17375,194.4,163.7383,203.0243,171.755,190.9466,211.7481,154.6684,172.887,163.9605,49.4,161.9,193.0296,76.35,331.2649,175.1571,77.4462,210.2946,132.0753,164.3545,235.2542,192.2488,195.3107,248.3438,270.2653,420.4818,275.9,283.6375,269.9182,218.218,294.9167,247.9038,356.1323,158.8516,230.4437,205.5893,222.8822,146.7835,187.158
"ALDOA",4,"AAGGGGTCCTGGTGACGAGTCCCGCGTTCTCTCCTTGAATCCACTCGCCA","16","16p11.2d",0.71273066215953,3890.68165,5458.8386,3603.1,3465.8164,3638.9883,4020.959,4324.3348,4875.4885,3991.4953,3283.0953,3313.275,68.7,4176.1517,4178.22,2844.9413,5632.2052,3626.7607,6539.9585,5938.0911,2564.889,3789.868,6893.007,6568.6734,5236.1675,5189.9033,6052.8093,6271.9928,5942.3864,5455.9883,3670.648,4581.0592,3154.9361,6599.2874,5461.6889,5496.9544,5904.2501,4491.5172,7375.7679,4886.8957,3345.9115
"GCNT2",4,"AGAGCATAGTGTTTGGGCTAGTGGGTTTCTGACAGCCCATGGGAATGCCC","6","6p24.2a",0.712455308570114,84.7,118.88465,89,79.6,90.8913,74.8105,113.906,80.4,78.7714,94.787,121.7909,99.8444,79.3826,110.963,94.1286,155.7091,123.715,63.7,74.8241,68,65.8,67.0571,107.4485,117.8435,110.28,95.7375,158.1435,95.4237,119.9258,163.1825,168.9326,111.3538,129.648,130.8651,151.3019,103.4421,197.1563,104.6,88.25,163.3538
"DNAJB12",4,"TACCGCAGACTGGCCCTCAAATTCCACCCAGACAAGAACCACGCACCTGG",NA,"10q22.1f",0.71226724410646,290.4462,407.777,264.1,275.5437,287.5892,243.2383,314.1277,275.746,329.2539,282.2176,293.3032,55.2,214.8229,350.5454,373.9774,338.193,314.9198,320.1011,253.8486,273.6142,376.6211,334.3949,344.2072,349.1413,361.5732,410.133,492.7389,408.1601,449.1553,408.688,400.9218,236.7123,345.7398,407.3939,474.1513,521.4153,423.8129,337.2809,357.415,516.3088
"GAS6",4,"CGAGGAGGCGCGGGAGGTGTTCGAGAACGACCCCGAGACGGATTATTTTT","13","13q34d",0.711704499044509,362.2056,508.92695,393.2,374.092,379.8266,438.1902,383.9696,345.7485,291.1152,178.6826,206.0212,46.8,391.866,293.0603,233.8837,112.8867,374.4402,494.9,553.0521,350.3192,238.6,675.039,891.4448,725.2387,592.3458,827.4421,895.8823,474.405,670.6417,327.8024,301.5361,297.6,942.416,423.1767,352.1984,350.4935,290.9403,543.4489,812.5123,133.5231
"OAS2",4,"GAGCTCTGGGCCCTTCCAGTGCTTGCCACCCTACATACTCTTTGTCTGGC","12","12q24.13b",0.706559709239851,523.7229,741.2295,456.8,424.45,317.7734,322.3314,439.5687,619.2247,1389.055,752.6558,547.0132,646.8246,500.4326,677.0262,592.307,288.0987,561.628,348.7027,884.7989,357.9315,366.8506,1154.8747,639.5773,708.3046,411.5062,567.18,774.1544,665.5214,944.0374,1158.111,866.0629,397.0112,811.1762,1925.7763,1288.8891,473.472,869.6673,455.6749,1495.9909,582.7507
"MXI1",4,"GGCCTTCGCTTGCATTATTTGGGCCTTCATTCAGATGAACTTGAGGTGCC","10","10q25.2a",0.705731700187283,214.86665,304.4594,181.6,148.6386,207.361,191.0882,276.6054,200.2928,219.4,296.3937,305.4638,230.6579,193.7618,336.53,515.4352,252.9252,278.695,183.4736,172.1808,262.3943,198.8494,210.3333,203.5233,241.2128,298.05,279.2198,357.8538,297.9455,315.0736,396.8281,301.7047,165.4,249.8411,323.0887,307.2141,310.8353,346.2342,264.6746,313.2967,341.2413
"LOC554223",4,"GACCTGGGCAGGCTTCCACTCCTTGAGGTATTTCCACACCACCATGTCCC",NA,NA,0.704728002096114,62.4,88.5448,96.9,57.2667,48.4,94.0581,469.7478,141.1659,58.8333,53.7,55.25,57.7,144.6633,66.6,65.9667,50.6333,54.35,55.88,139.9774,92.3114,52.9,184.7517,152.5,58.1,49.75,146.3899,635.7922,145.474,58.8333,53.4,49.4,136.6729,127.064,171.0651,118.2563,50.5,47.3,57.52,176.9632,53.9
"RNF6",4,"ACTGCAACAGCGGTTAGATGGCGTCAAGGAACAACTAGCATCTCAGCCTG","13","13q12.13b",0.703033389987435,117.39125,166.9782,108.2,106.219,126.2887,108.8069,155.5114,146.3191,159.1229,116.7895,124.8045,50.05,92.6757,120.9667,135.4364,148.3273,109.1714,62.975,104.5726,117.993,119.0483,115.5636,126.7467,142.8131,126.2286,163.2814,249.1347,183.2638,270.8746,193.132,176.214,131.6654,145.208,126.8274,203.6256,172.0106,196.7641,102.6,170.675,145.2222
"GAS6",4,"GCTGAGAGCTGGGCTTTCCTCTGTGACCATCCCGGCCTGTAACATATCTG",NA,"13q34d",0.697969009409032,2962.2375,4244.0817,3129.5,3684.5432,3190.8443,3787.8282,3129.4771,2347.8178,2000.1694,2002.7764,2094.2222,2145.2208,3633.2093,1971.9661,2096.1789,1284.3983,3936.2262,3844.6192,4020.4324,2794.9979,2066.1689,5420.195,5101.1479,5102.0638,4570.8965,4503.0595,4957.3354,3447.342,3985.1039,3150.8759,2355.0231,4964.6075,5083.8929,3008.2788,3001.8083,2844.8184,2628.9516,5010.9123,5487.6921,1420.5895
"MAX",4,"GCTGCAGTGGCCGCTCCCTGGGCCGTAGGAAATGAGCGATAACGATGACA","14","14q23.3a",0.692355018923594,266.1969,384.48035,165.1,170.6319,135.0609,243.4766,255.7346,325.4691,337.1689,437.9269,443.1656,59.2333,197.7721,294.1381,743.4309,502.4899,324.7107,196.1319,207.2445,263.4028,468.4825,268.991,287.7804,236.566,210.1,358.2562,426.1596,416.3771,410.7045,690.7716,581.1667,165.4,285.358,352.6409,547.6484,634.1522,477.8227,209.9397,309.3485,466.0211
"PARP10",4,"GATGGCCATAAGGCGGTGTTCGTGGCACGGGTGCTGACTGGCGACTACGG","8","8q24.3g",0.690800933963252,93.6686,135.5942,218.3,188.6376,181.7373,132.6317,124.7,71.28,82.9593,61.8167,65.6333,43.14,100.4372,86.9,67,60.92,57.9,133.3918,147.7374,139.0494,56.525,167.4521,262.5537,211.1911,219.542,148.3853,152.9606,101.5415,100.1488,60.3833,72.8667,192.4114,146.8761,124.3123,67.4857,68.7,72.89,204.9698,150.0722,53.6
"MLKL",4,"CAGCCCGAGGCCTATACCGGCTACACCATTCAGAAGCACCTGAACTCCAC","16","16q22.3c",0.688550560252008,98.0989,142.4716,108.6,95.9182,92.0636,71,107.7111,92.8667,144.1368,116.7895,128.7455,55.4,96.8326,152.2525,139.9273,74.7667,104.3143,89.9,83.9571,79.6957,99.3652,122.8158,151.5,141.3596,121.5657,133.0938,156.5,143.2083,175.7578,123.0609,163.4698,87.14,143.9248,141.7349,208.2872,122.0452,157.3757,147.128,121.42,123.8
"FRMD4B",4,"CTTAAGCACTCTCTTCAGTTCCTTTAAATGAGCCGAGGTCATGGTGGTTC","3","3p14.1b",0.683539443535188,104.41065,152.75,122,125.082,128.2866,94.4279,94.8,122.8358,92.5029,150.0308,125.5,56.6,86.75,155.9141,108.3778,69.9333,125.5,90.62,94.2983,79.2261,100.4435,112.1273,165.0765,152.7056,152.7944,131.55,142.3425,159.5203,125.5646,159.9425,199.4389,110.2522,120.672,115.741,237.5663,129.6129,192.4495,115.6885,168.65,153.2778
"EYA2",4,"GGAAGAGGGGGATGCTGGGAAGGAATGGGTGCTTTGTGATGGATAAAAGG","20","20q13.12c",0.670526966017634,84.39705,125.86675,88.5,105.6476,144.0567,67.8154,107.4889,77.55,70.6235,110.3714,124.8045,430.2047,167.5842,76.4333,72.5,75.6,129.325,80.2941,72.3222,72.35,102.0609,77.64,133.3962,107.5655,198.648,65.8909,165.0696,81.3818,121.6911,135.8169,118.9404,87.74,128.152,130.8651,99.5,164.7723,172.7,127.3153,107.1,124.4182
"MLKL",4,"TGAATGAGGCCAATCAAGACCAGAAGAACCACTCAAGCAGATCCCAGCCC","16","16q22.3c",0.667609599264913,498.71335,747.01345,375,400.65,337.0659,315.7217,492.8445,509.6793,809.6324,792.5996,828.6677,867.6888,504.5822,745.598,746.3228,307.6333,674.6478,409.7311,401.8622,258.9905,401.7157,763.8856,602.7614,670.8945,557.734,698.8254,769.6596,735.0769,933.8047,930.8872,1044.7624,623.6006,734.1551,910.2458,1377.6758,758.95,1092.464,982.8625,512.1066,585.9924
"MLKL",4,"TGTCATGGAGTACTGTGAACTCGGGACCCTGAGGGAGCTGTTGGATAGGG",NA,"16q22.3c",0.660536282698705,88.3174,133.7056,93.2,91.2606,87.1348,65.2,115.6771,70.68,135.0734,89.5,122.7182,54.8,72.3125,133.3,120.4,60.8,89.6882,64.5333,78.7,69.05,68.7,125.9026,137.6981,119.1217,102.4558,131.7875,152.9606,126.35,141.0828,135.6237,146.2292,97.64,123.528,151.28,242.4455,117.4174,149.5652,166.625,104.9333,90.0714
"DUSP22",4,"GCCAGGCCTATGTTGGAGGGAGTTAAATACCTGTGCATCCCAGCAGCGGA","6","6p25.3b",0.659906802812095,355.65235,538.9433,301.4,359.7178,300.4886,294.8117,401.8838,338.4863,536.1438,346.1251,417.9814,51.2,329.7343,406.7444,351.5869,177.43,394.9512,361.7386,455.0028,287.52,402.4031,568.2023,509.6577,535.243,362.8694,554.3059,642.4023,638.1243,685.3945,402.392,551.0293,372.1569,603.0108,542.6436,611.8519,492.6662,701.0196,479.4091,487.1426,482.0895
"MTUS1",4,"TACGACTGACGGCCAAAGGATTGCTTCGAAACCTTCGACTTCCTTCAGGG","8","8p22b",0.653898661799811,399.99125,611.7022,475.5,417.45,355.5794,375.9679,614.1868,416.3105,745.2726,613.8069,534.294,54.05,300.2335,721.2542,367.1109,414.469,385.5135,348.3082,374.6887,262.5204,297.5616,631.6932,534.9134,364.5844,382.8873,955.402,831.0877,853.3097,1042.1544,809.9742,622.2333,330.4619,506.4314,466.7381,946.1893,767.975,753.4346,443.8864,601.1711,419.3842
"KCNAB1",4,"ATCCAGCGAACTGCTGTATGTATAGAGGAGCTGAGGTGCTGTCTAATGGG","3","3q25.31b",0.651507213599688,759.38355,1165.57965,734.3,475.1377,668.6635,1062.3105,732.862,1414.7378,1369.2556,945.0616,1502.4951,2963.5041,656.7257,649.7987,254.4608,489.5313,1904.1263,360.6381,1033.6068,282.34,949.2325,784.4671,1604.4552,460.0545,1337.7362,1165.3921,1127.8966,1486.6239,891.9106,1382.3323,1230.6672,520.8413,1046.3377,1165.7672,1222.5665,1547.8991,1277.0534,576.9043,513.5144,1155.6354
"EGFR",4,"GTGGCATTTAGGGGTGACTCCTTCACACATACTCCTCCTCTGGATCCACA","7","7p11.2c",0.650751691836868,94.3479,144.98295,133.5,87.068,101.1909,100.1458,127.6,104.7667,150.3947,72.47,61.4,170.3857,109.6204,88.55,51.8,75.0444,71.9333,85.0941,112.2681,76.05,81.2182,155.8409,164.8382,152.028,179.8279,178.0459,232.1377,184.4827,137.9379,82.2,81.24,115.5,259.8541,156.7972,135.6372,125.3355,125.925,176.8097,125.7914,64.5333
"ITGB5",4,"AGAGAAGACCTTCTAGTGAGCCTGGGCCAGGAGCCCACAGTGCCTGTACA","3","3q21.2a",0.633333053178312,576.4663,910.21035,954.1,676.3777,733.6682,530.2597,680.2133,410.0351,1000.4512,454.0205,590.085,50.2,662.0881,562.8476,200.8657,481.8189,472.5,626.2929,791.0004,340.2055,458.1938,1171.7887,873.6517,1235.3397,904.9306,906.0166,1175.2972,733.7227,1136.7632,632.3596,714.6623,1183.4744,1493.9794,798.2632,1124.6739,801.225,914.4041,1487.6962,1409.7707,356.4402
"OAS2",4,"TCCTCCTTCTCCTTTCTGAGGATGCCCTACCCTGTAACAAAGTCGTTTCT","12","12q24.13b",0.632660371503865,99.70215,157.5919,92.9,85.1818,112.2681,70.9,67.925,153.4149,219.9636,110.1429,109.5677,396.138,71.6563,128.05,99.5,72.1667,94.8412,86.0588,110.6,99.9043,94.8412,122.5474,126.52,161.225,124.7714,116.9848,87.3105,200.0727,153.9588,175.8592,174.3645,116.3795,104.1714,196.4959,218.0115,106.8105,167.8838,97.8684,296.0701,249.048
"MXI1",4,"CGGGTGAAGATGATCAACGTGCAGCGTCTGCTGGAGGCTGCCGAGTTTTT","10","10q25.2a",0.629090026819848,71.9517,114.37425,93,82.3864,98.7485,64.8,120.9,58.6333,55.82,110.8579,140.4943,38.1444,61.6143,86.45,73.4125,61.16,86.8647,56.05,70.4909,77.85,56.8667,66.4429,107.6909,114.2928,163.1617,113.5697,173.1617,117.7273,112.6548,152.2213,165.9186,71,94.1684,114.4557,101.4727,88.8846,139.0941,119.2692,114.6833,75.6
"LGR6",4,"AAGACAGTGAAGGGGTGGAGGGTTGATCAGGGCACAGTGGACAGGGAGAC","1","1q32.1d",0.619399548135459,81.3,131.25615,120.1,70.6,62.18,131.6158,78.9724,104.9333,71,231.3906,119.1105,71,78.3,74.0211,83.02,94.5294,81.6462,67.28,72.3222,175.6129,305.0603,80.9538,232.0093,88.6273,103.4,148.3853,120.8533,146.0781,70.1467,146.5164,149.4514,71.7737,122.576,142,155.6792,129.9419,146.413,112.8615,132.5704,86.3
"LOC440895",4,"AGGCCACTGGTGCTGAGTCAGAGGGAAAAGCTCAGAACAGCCTTGAGCAG","2","2q13b",0.61562645181165,80.23635,130.33285,100.3,107.9333,74.6476,82.3281,99.0441,68,63.76,88.1286,122.2545,56.5,82.528,81.8727,58.6333,53.475,57.2667,198.066,71.6222,66.4,78.6,112.3818,132.1057,125.2512,128.56,107.8857,114.4949,76.2,154.2577,88.5737,160.8326,134.329,165.3967,101.239,136.1674,146.35,166.3514,97.0526,143.0464,70.7714
"MASP1",4,"AGTGCCCAGAGCTACAGCCTCCTGTCCATGGGAAAATCGAGCCCTCCCAA","3","3q27.3b",0.599577216287008,131.98865,220.1362,103.5,63.84,121.9773,101.4375,160.2626,148.1702,72.96,70.2889,86.0438,75.6,169.7158,148.4444,142,360.3048,233.6361,72.925,243.1318,170.9796,64.16,209.6762,98.632,183.9278,245.2693,192.5348,649.3362,307.0061,238.3333,111.09,78.84,145.0983,346.119,322.9577,214.1687,226.1037,228.8722,206.4127,404.3771,98.8111
"CASP4",4,"ACTCCAAGGGCCAAAGCTCAAATGCCCACCATAGAACGACTGTCCATGAC","11","11q22.3b",0.57884556607846,551.1206,952.103,688.6,471.2434,507.7437,417.9308,568.8496,533.3916,802.9609,662.5003,625.7473,928.4364,453.5807,530.3905,1044.374,524.2078,617.9574,388.1493,368.3546,435.2946,646.6545,718.0111,897.2379,901.1716,936.6847,877.9657,1176.8054,872.0272,957.7613,1384.5046,914.0431,773.2612,946.4447,893.5504,1983.8561,1243.154,1494.5825,1052.5626,1002.7255,1345.355
"MYRIP",4,"GCAGCAGCAGCCTGCTGTGTGGCATCTGAACTTTTATAAAGGTTTCCTTG","3","3p22.1c",0.557044327492947,158.4292,284.4104,240.6,205.2183,253.9991,108.3931,175.5827,150.3298,166.5286,129.2091,261.5195,443.0247,124.639,200.1423,63.2,135.16,200.9182,53,119.2532,105.9846,135.8829,231.2167,390.972,418.3072,264.992,291.0646,418.9532,276.18,277.7562,332.3962,422.4138,298.0667,337.3968,213.1433,241.3366,257.392,335.7485,276.9409,268.3602,236.28
"HOXA3",4,"CTTGCAAATAATGTGGTCTCAGGCAAGGACACAGCATCTTGGCTGTCTGC","7","7p15.2a",0.532142320688409,98.3105,184.74475,111.2,121.2361,108.1135,87.9,128.9,60.7375,58.5,166.0538,158.8447,129.8154,79.2261,94.6853,75.6,57.55,62.6,101.9357,62.0167,143.6789,153.0882,77.76,178.1537,151.757,145.0611,184.4378,185.0517,72.68,73.4947,208.282,220.5597,203.4395,132.2454,163.9312,204.1436,198.0403,71,211.8836,328.7248,196.4584
"MASP1",4,"CTCCATCAGAGCAAGGCAGCCAGAGAAGCCCCTGAGAGGGAATGATTGGG","3","3q27.3b",0.472602279515983,504.3198,1067.1125,429.5,243.3862,486.6932,375.8487,583.7112,487.3854,147.8,222.7925,312.4862,1633.1997,780.225,456.1543,602.224,2164.5619,1536.0777,521.2542,1377.9241,756.956,246.2,1033.856,335.9948,777.059,1068.499,585.6394,2267.805,1187.343,735.3148,504.9206,354.5564,1065.726,1342.98,1535.93,909.3589,1386.307,1421.48,1415.794,1362.35,504.6097
"MGST1",4,"AGTCCCTGCATTGCGCGCGACCCGGCGGCGGGACAGGCTTGCTGCTTCCT","12","12p12.3d",0.447592397079374,52.4,117.0708,69.7,57.5,63.1143,55.625,45.48,53.1,49.675,48.3,54.8,47,51,50.7,44.34,53.7,52.95,51.575,51.62,51.85,55.1,186.3898,344.4418,178.075,202.1472,127.2791,111.6051,114.52,106.1714,71.3818,118.3149,77.52,187.8765,81.3,198.9641,190.503,143.6812,113.8038,115.8267,49.25
"C1R",4,"GGCAGCCCCGAAACCTGCCTAATGGTGACTTCCGTTACACCACCACAATG","12","12p13.31d",0.282917229653442,706.3151,2496.54325,1039.6,863.801,740.9657,785.4275,1144.9401,671.6645,1077.9976,567.481,622.3801,51.2,632.8987,861.3432,1042.1496,440.9,885.8082,292.7484,529.0811,656.4332,565.1565,2314.2685,2611.4706,2778.5096,2548.2178,2782.85,6164.4473,2444.8687,3001.3348,1101.3701,1180.963,1278.0711,3148.5686,2101.4425,2227.3502,2045.5898,1498.4887,2877.9301,4603.0435,811.7377
"C1R",4,"GGGCTTCCTGGCCTACTACCAAGCTGTGGACCTTGATGAATGTGCTTCCC","12","12p13.31d",0.280140647770025,533.9906,1906.1518,671.7,379.1304,535.8588,546.3364,916.5382,638.0259,1110.3555,497.434,532.1224,61.775,446.6397,727.0982,1038.3075,393.1039,672.8716,240.2459,528.2791,487.9355,446.5916,1885.0193,1956.8769,1748.6783,1855.4267,2570.6841,5514.4933,2444.8687,2689.3364,1022.0997,1089.3371,654.5763,2439.6931,1779.8095,1997.3951,1778.568,1320.4976,2182.3838,4159.9962,677.0617
"MGST1",4,"GGAGCACGGATCTACCACACCATTGCATATTTGACACCCCTTCCCCAGCC","12","12p12.3d",0.188464703181455,70.2711,372.8608,108.9,88.604,84.9675,95.1674,60.55,70.2533,71.42,55.2,70.2889,104.3778,62.3667,57.86,47.4333,76.1455,58.9,56.15,85.7143,58.7,62.25,676.352,865.7897,417.1243,496.4692,392.3416,365.26,380.4616,409.027,238.04,269.0647,206.9335,655.5283,258.7719,527.1183,395.1939,344.2792,319.5544,322.0492,102.9636
